date,headline,source
2026-02-28,US and Israel launch joint air strikes on Iran causing oil prices to surge,Reuters
2026-02-28,Brent crude soars past 100 dollars per barrel after Iran conflict escalates,Bloomberg
2026-03-01,Strait of Hormuz closure threatens global energy supply chains,BBC
2026-03-01,Oil markets in panic as Middle East tensions reach highest level in decades,CNN
2026-03-02,India faces severe fuel shortage as Iranian oil imports halt completely,Times of India
2026-03-02,Global airlines scramble to reroute flights as fuel costs skyrocket,Financial Times
2026-03-03,OPEC emergency meeting fails to calm oil markets amid Iran crisis,Al Jazeera
2026-03-03,Asian economies most vulnerable to prolonged Hormuz strait disruption,Nikkei
2026-03-04,Oil prices ease slightly after diplomatic talks show early progress,Reuters
2026-03-04,India government announces emergency fuel reserves to stabilize prices,Economic Times
2026-03-05,China accelerates strategic petroleum reserve drawdown amid supply crisis,Bloomberg
2026-03-05,European nations coordinate emergency energy response to oil shock,Guardian
2026-03-06,US shale producers ramp up output to capitalize on high oil prices,Wall Street Journal
2026-03-06,Pakistan and Bangladesh declare energy emergencies as prices hit record,Dawn
2026-03-07,Oil prices stabilize as US announces strategic reserve release,Reuters
2026-03-08,Markets cautiously optimistic as Iran ceasefire talks begin in Geneva,BBC
2026-03-09,Analysts warn oil could hit 150 dollars if Hormuz remains closed,Bloomberg
2026-03-10,India rushes to secure alternative oil supplies from US and Africa,Times of India
2026-03-11,Global recession fears mount as energy crisis shows no sign of easing,Financial Times
2026-03-12,Brent crude drops to 92 dollars as diplomatic progress reported,Reuters
2026-03-13,Energy ministers from G7 nations hold emergency summit in Washington,CNN
2026-03-14,Oil markets remain volatile with daily swings of 5 percent or more,Bloomberg
2026-03-15,Iran signals willingness to negotiate but demands end to sanctions,Al Jazeera
2026-03-16,Asian refiners face margin squeeze as crude costs outpace product prices,Nikkei
2026-03-17,US strategic petroleum reserve at lowest level since 1983,Wall Street Journal
2026-03-18,India signs emergency oil supply deal with Saudi Arabia and UAE,Economic Times
2026-03-19,Global shipping rates triple as tankers avoid Hormuz strait,Financial Times
2026-03-20,Oil prices climb again as Iran talks break down temporarily,Reuters
2026-03-21,Renewable energy stocks surge as investors flee oil market volatility,Bloomberg
2026-03-22,OPEC plus agrees to increase output by 2 million barrels per day,Al Jazeera
2026-03-23,Markets react positively to OPEC output increase announcement,Reuters